{
"lengthUnit": "mil",
"remark": [],
"components": {
	"fields": ["COMPONENT_NO", "COMPONENT_NAME", "LAYER", "X_COORDINATE", "Y_COORDINATE", "ANGLE"],
	"rows": [
		[1, "C1", "T", 4265, -4230, 270],
		[2, "C2", "T", -1110, -4450, 90],
		[3, "C3", "T", -1005, -4070, 180],
		[4, "C4", "T", 240, -4030, 0],
		[5, "C5", "T", 1075, -4635, 180],
		[6, "C6", "T", 40, -5260, 90],
		[7, "C7", "T", 600, -5055, 180],
		[8, "C8", "T", 1605, -5045, 270],
		[9, "C9", "T", 3405, -5045, 270],
		[10, "C10", "T", 2395, -5040, 270],
		[11, "C11", "T", 3985, -4155, 270],
		[12, "C18", "T", 4400, -5130, 270],
		[13, "CN1", "T", 5405, -4320, 90],
		[14, "D1", "T", 4525, -4150, 0],
		[15, "D2", "T", 4520, -3930, 0],
		[16, "H1", "T", 5405, -3980, 90],
		[17, "J1", "T", -1700, -5395, 270],
		[18, "J2", "T", -695, -5405, 270],
		[19, "J3", "T", 5300, -5405, 270],
		[20, "LED1", "T", 3665, -4320, 270],
		[21, "Q1A", "T", -1585, -4125, 270],
		[22, "Q1B", "T", -1365, -4170, 0],
		[23, "Q2A", "T", -330, -4070, 270],
		[24, "Q2B", "T", -100, -4130, 0],
		[25, "Q3A", "T", 640, -4065, 270],
		[26, "Q3B", "T", 865, -4125, 0],
		[27, "Q4A", "T", 1480, -3835, 270],
		[28, "Q4B", "T", 1715, -3890, 0],
		[29, "R1", "T", 3830, -4025, 0],
		[30, "R3", "T", 5450, -4690, 180],
		[31, "R6", "T", -1365, -4540, 270],
		[32, "R7", "T", -1200, -4835, 0],
		[33, "R8", "T", -915, -4410, 270],
		[34, "R9", "T", 240, -4245, 0],
		[35, "R10", "T", 1035, -4485, 0],
		[36, "R11", "T", -100, -5175, 270],
		[37, "R12", "T", 1030, -4330, 0],
		[38, "R14", "T", 1920, -4100, 270],
		[39, "R15", "T", 1270, -4120, 0],
		[40, "R16", "T", 1995, -5045, 0],
		[41, "SW1", "T", 4980, -4385, 270],
		[42, "TR1", "T", -1270, -3710, 0],
		[43, "TR2", "T", 0, -3705, 0],
		[44, "TR3", "T", 965, -3695, 0],
		[45, "VR1", "T", 400, -5705, 180],
		[46, "VR2", "T", 1400, -5705, 180],
		[47, "VR3", "T", 3400, -5705, 180],
		[48, "VR4", "T", 2400, -5705, 180],
		[49, "VR5", "T", 4400, -5705, 180],
		[50, "PAD1", "T", 4980.51, -5155, 0],
		[51, "PAD1", "B", 4980.51, -5155, 0],
		[52, "PAD2", "T", 5619.49, -5155, 0],
		[53, "PAD2", "B", 5619.49, -5155, 0],
		[54, "PAD3", "T", 5619.49, -5655, 0],
		[55, "PAD3", "B", 5619.49, -5655, 0],
		[56, "PAD4", "T", 5405, -4050, 0],
		[57, "PAD4", "B", 5405, -4050, 0],
		[58, "PAD5", "T", 5405, -3910, 0],
		[59, "PAD5", "B", 5405, -3910, 0],
		[60, "PAD6", "T", 4265, -4298.9, 0],
		[61, "PAD6", "B", 4265, -4298.9, 0],
		[62, "PAD7", "T", 4265, -4161.1, 0],
		[63, "PAD7", "B", 4265, -4161.1, 0],
		[64, "PAD8", "T", -1110, -4450, 0],
		[65, "PAD8", "B", -1110, -4450, 0],
		[66, "PAD9", "T", -1110, -4250, 0],
		[67, "PAD9", "B", -1110, -4250, 0],
		[68, "PAD10", "T", 1075, -4635, 0],
		[69, "PAD10", "B", 1075, -4635, 0],
		[70, "PAD11", "T", 875, -4635, 0],
		[71, "PAD11", "B", 875, -4635, 0],
		[72, "PAD12", "T", 40, -5260, 0],
		[73, "PAD12", "B", 40, -5260, 0],
		[74, "PAD13", "T", 40, -5060, 0],
		[75, "PAD13", "B", 40, -5060, 0],
		[76, "PAD14", "T", 600, -5055, 0],
		[77, "PAD14", "B", 600, -5055, 0],
		[78, "PAD15", "T", 400, -5055, 0],
		[79, "PAD15", "B", 400, -5055, 0],
		[80, "PAD16", "T", 1605, -5045, 0],
		[81, "PAD16", "B", 1605, -5045, 0],
		[82, "PAD17", "T", 1605, -5245, 0],
		[83, "PAD17", "B", 1605, -5245, 0],
		[84, "PAD18", "T", 3405, -5045, 0],
		[85, "PAD18", "B", 3405, -5045, 0],
		[86, "PAD19", "T", 3405, -5245, 0],
		[87, "PAD19", "B", 3405, -5245, 0],
		[88, "PAD20", "T", 2395, -5040, 0],
		[89, "PAD20", "B", 2395, -5040, 0],
		[90, "PAD21", "T", 2395, -5240, 0],
		[91, "PAD21", "B", 2395, -5240, 0],
		[92, "PAD22", "T", 3985, -4155, 0],
		[93, "PAD22", "B", 3985, -4155, 0],
		[94, "PAD23", "T", 3985, -4355, 0],
		[95, "PAD23", "B", 3985, -4355, 0],
		[96, "PAD24", "T", -897.71, -4070, 0],
		[97, "PAD24", "B", -897.71, -4070, 0],
		[98, "PAD25", "T", -1112.28, -4070, 0],
		[99, "PAD25", "B", -1112.28, -4070, 0],
		[100, "PAD26", "T", 132.71, -4030, 0],
		[101, "PAD26", "B", 132.71, -4030, 0],
		[102, "PAD27", "T", 347.28, -4030, 0],
		[103, "PAD27", "B", 347.28, -4030, 0],
		[104, "PAD28", "T", 4400, -5022.71, 0],
		[105, "PAD28", "B", 4400, -5022.71, 0],
		[106, "PAD29", "T", 4400, -5237.28, 0],
		[107, "PAD29", "B", 4400, -5237.28, 0],
		[108, "PAD30", "T", 5405, -4390, 0],
		[109, "PAD30", "B", 5405, -4390, 0],
		[110, "PAD31", "T", 5405, -4250, 0],
		[111, "PAD31", "B", 5405, -4250, 0],
		[112, "PAD32", "T", 4525, -4150, 0],
		[113, "PAD32", "B", 4525, -4150, 0],
		[114, "PAD33", "T", 4925, -4150, 0],
		[115, "PAD33", "B", 4925, -4150, 0],
		[116, "PAD34", "T", 4520, -3930, 0],
		[117, "PAD34", "B", 4520, -3930, 0],
		[118, "PAD35", "T", 4920, -3930, 0],
		[119, "PAD35", "B", 4920, -3930, 0],
		[120, "PAD36", "T", -2019.49, -5645, 0],
		[121, "PAD36", "B", -2019.49, -5645, 0],
		[122, "PAD37", "T", -2019.49, -5145, 0],
		[123, "PAD37", "B", -2019.49, -5145, 0],
		[124, "PAD38", "T", -1380.51, -5145, 0],
		[125, "PAD38", "B", -1380.51, -5145, 0],
		[126, "PAD39", "T", -1380.51, -5645, 0],
		[127, "PAD39", "B", -1380.51, -5645, 0],
		[128, "PAD40", "T", -1014.49, -5655, 0],
		[129, "PAD40", "B", -1014.49, -5655, 0],
		[130, "PAD41", "T", -1014.49, -5155, 0],
		[131, "PAD41", "B", -1014.49, -5155, 0],
		[132, "PAD42", "T", -375.51, -5155, 0],
		[133, "PAD42", "B", -375.51, -5155, 0],
		[134, "PAD43", "T", -375.51, -5655, 0],
		[135, "PAD43", "B", -375.51, -5655, 0],
		[136, "PAD44", "T", 3665, -4270, 0],
		[137, "PAD44", "B", 3665, -4270, 0],
		[138, "PAD45", "T", 3665, -4370, 0],
		[139, "PAD45", "B", 3665, -4370, 0],
		[140, "PAD46", "T", -1622.4, -4164.37, 0],
		[141, "PAD47", "T", -1547.6, -4164.37, 0],
		[142, "PAD48", "T", -1585, -4085.63, 0],
		[143, "PAD49", "T", -367.4, -4109.37, 0],
		[144, "PAD50", "T", -292.6, -4109.37, 0],
		[145, "PAD51", "T", -330, -4030.63, 0],
		[146, "PAD52", "T", 602.6, -4104.37, 0],
		[147, "PAD53", "T", 677.4, -4104.37, 0],
		[148, "PAD54", "T", 640, -4025.63, 0],
		[149, "PAD55", "T", 1442.6, -3874.37, 0],
		[150, "PAD56", "T", 1517.4, -3874.37, 0],
		[151, "PAD57", "T", 1480, -3795.63, 0],
		[152, "PAD58", "T", -1365, -4070, 0],
		[153, "PAD58", "B", -1365, -4070, 0],
		[154, "PAD59", "T", -1365, -4170, 0],
		[155, "PAD59", "B", -1365, -4170, 0],
		[156, "PAD60", "T", -1365, -4270, 0],
		[157, "PAD60", "B", -1365, -4270, 0],
		[158, "PAD61", "T", -100, -4030, 0],
		[159, "PAD61", "B", -100, -4030, 0],
		[160, "PAD62", "T", -100, -4130, 0],
		[161, "PAD62", "B", -100, -4130, 0],
		[162, "PAD63", "T", -100, -4230, 0],
		[163, "PAD63", "B", -100, -4230, 0],
		[164, "PAD64", "T", 865, -4025, 0],
		[165, "PAD64", "B", 865, -4025, 0],
		[166, "PAD65", "T", 865, -4125, 0],
		[167, "PAD65", "B", 865, -4125, 0],
		[168, "PAD66", "T", 865, -4225, 0],
		[169, "PAD66", "B", 865, -4225, 0],
		[170, "PAD67", "T", 1715, -3790, 0],
		[171, "PAD67", "B", 1715, -3790, 0],
		[172, "PAD68", "T", 1715, -3890, 0],
		[173, "PAD68", "B", 1715, -3890, 0],
		[174, "PAD69", "T", 1715, -3990, 0],
		[175, "PAD69", "B", 1715, -3990, 0],
		[176, "PAD70", "T", 3991.42, -4025, 0],
		[177, "PAD70", "B", 3991.42, -4025, 0],
		[178, "PAD71", "T", 3664.65, -4025, 0],
		[179, "PAD71", "B", 3664.65, -4025, 0],
		[180, "PAD72", "T", 5288.58, -4690, 0],
		[181, "PAD72", "B", 5288.58, -4690, 0],
		[182, "PAD73", "T", 5615.35, -4690, 0],
		[183, "PAD73", "B", 5615.35, -4690, 0],
		[184, "PAD74", "T", -1365, -4701.42, 0],
		[185, "PAD74", "B", -1365, -4701.42, 0],
		[186, "PAD75", "T", -1365, -4374.65, 0],
		[187, "PAD75", "B", -1365, -4374.65, 0],
		[188, "PAD76", "T", -1038.58, -4835, 0],
		[189, "PAD76", "B", -1038.58, -4835, 0],
		[190, "PAD77", "T", -1365.35, -4835, 0],
		[191, "PAD77", "B", -1365.35, -4835, 0],
		[192, "PAD78", "T", -915, -4571.42, 0],
		[193, "PAD78", "B", -915, -4571.42, 0],
		[194, "PAD79", "T", -915, -4244.65, 0],
		[195, "PAD79", "B", -915, -4244.65, 0],
		[196, "PAD80", "T", 401.42, -4245, 0],
		[197, "PAD80", "B", 401.42, -4245, 0],
		[198, "PAD81", "T", 74.65, -4245, 0],
		[199, "PAD81", "B", 74.65, -4245, 0],
		[200, "PAD82", "T", 1196.42, -4485, 0],
		[201, "PAD82", "B", 1196.42, -4485, 0],
		[202, "PAD83", "T", 869.65, -4485, 0],
		[203, "PAD83", "B", 869.65, -4485, 0],
		[204, "PAD84", "T", -100, -5336.42, 0],
		[205, "PAD84", "B", -100, -5336.42, 0],
		[206, "PAD85", "T", -100, -5009.65, 0],
		[207, "PAD85", "B", -100, -5009.65, 0],
		[208, "PAD86", "T", 1191.42, -4330, 0],
		[209, "PAD86", "B", 1191.42, -4330, 0],
		[210, "PAD87", "T", 864.65, -4330, 0],
		[211, "PAD87", "B", 864.65, -4330, 0],
		[212, "PAD88", "T", 1431.42, -4120, 0],
		[213, "PAD88", "B", 1431.42, -4120, 0],
		[214, "PAD89", "T", 1104.65, -4120, 0],
		[215, "PAD89", "B", 1104.65, -4120, 0],
		[216, "PAD90", "T", 2156.42, -5045, 0],
		[217, "PAD90", "B", 2156.42, -5045, 0],
		[218, "PAD91", "T", 1829.65, -5045, 0],
		[219, "PAD91", "B", 1829.65, -5045, 0],
		[220, "PAD92", "T", 1920, -4324.41, 0],
		[221, "PAD92", "B", 1920, -4324.41, 0],
		[222, "PAD93", "T", 1920, -3891.34, 0],
		[223, "PAD93", "B", 1920, -3891.34, 0],
		[224, "PAD94", "T", -1171.57, -3710, 0],
		[225, "PAD94", "B", -1171.57, -3710, 0],
		[226, "PAD95", "T", -1270, -3611.58, 0],
		[227, "PAD95", "B", -1270, -3611.58, 0],
		[228, "PAD96", "T", -1368.42, -3710, 0],
		[229, "PAD96", "B", -1368.42, -3710, 0],
		[230, "PAD97", "T", 98.43, -3705, 0],
		[231, "PAD97", "B", 98.43, -3705, 0],
		[232, "PAD98", "T", 0, -3606.58, 0],
		[233, "PAD98", "B", 0, -3606.58, 0],
		[234, "PAD99", "T", -98.42, -3705, 0],
		[235, "PAD99", "B", -98.42, -3705, 0],
		[236, "PAD100", "T", 1063.43, -3695, 0],
		[237, "PAD100", "B", 1063.43, -3695, 0],
		[238, "PAD101", "T", 965, -3596.58, 0],
		[239, "PAD101", "B", 965, -3596.58, 0],
		[240, "PAD102", "T", 866.58, -3695, 0],
		[241, "PAD102", "B", 866.58, -3695, 0],
		[242, "PAD103", "T", 596.85, -5705, 0],
		[243, "PAD103", "B", 596.85, -5705, 0],
		[244, "PAD104", "T", 400, -5705, 0],
		[245, "PAD104", "B", 400, -5705, 0],
		[246, "PAD105", "T", 203.15, -5705, 0],
		[247, "PAD105", "B", 203.15, -5705, 0],
		[248, "PAD106", "T", 1596.85, -5705, 0],
		[249, "PAD106", "B", 1596.85, -5705, 0],
		[250, "PAD107", "T", 1400, -5705, 0],
		[251, "PAD107", "B", 1400, -5705, 0],
		[252, "PAD108", "T", 1203.15, -5705, 0],
		[253, "PAD108", "B", 1203.15, -5705, 0],
		[254, "PAD109", "T", 3400, -5705, 0],
		[255, "PAD109", "B", 3400, -5705, 0],
		[256, "PAD110", "T", 3203.15, -5705, 0],
		[257, "PAD110", "B", 3203.15, -5705, 0],
		[258, "PAD111", "T", 2596.85, -5705, 0],
		[259, "PAD111", "B", 2596.85, -5705, 0],
		[260, "PAD112", "T", 2400, -5705, 0],
		[261, "PAD112", "B", 2400, -5705, 0],
		[262, "PAD113", "T", 2203.15, -5705, 0],
		[263, "PAD113", "B", 2203.15, -5705, 0],
		[264, "PAD114", "T", 4596.85, -5705, 0],
		[265, "PAD114", "B", 4596.85, -5705, 0],
		[266, "PAD115", "T", 4400, -5705, 0],
		[267, "PAD115", "B", 4400, -5705, 0],
		[268, "PAD116", "T", 4203.15, -5705, 0],
		[269, "PAD116", "B", 4203.15, -5705, 0],
		[270, "PAD117", "T", 5030, -4385, 0],
		[271, "PAD117", "B", 5030, -4385, 0],
		[272, "PAD118", "T", 4930, -4385, 0],
		[273, "PAD118", "B", 4930, -4385, 0]
	]
},
"pins": {
	"fields": ["PIN_NO", "PIN_NAME", "PIN_X", "PIN_Y", "LAYER", "PIN_TYPE", "NET_NAME", "NET_TYPE", "PAD_SHAPE", "PAD_SIZEX", "PAD_SIZEY", "HOLE_SIZE", "HOLE_LEN", "PAD_ANGLE"],
	"rows": [
		[1, "C1_1", 4265, -4161.1, "T", "DIP", "VCC", "", "C", 62.992, 62.992, 39.37, 39.37, 0],
		[2, "C1_1", 4265, -4161.1, "B", "DIP", "VCC", "", "C", 62.992, 62.992, 39.37, 39.37, 0],
		[3, "C1_2", 4265, -4298.9, "T", "DIP", "GND", "GND", "C", 62.992, 62.992, 39.37, 39.37, 0],
		[4, "C1_2", 4265, -4298.9, "B", "DIP", "GND", "GND", "C", 62.992, 62.992, 39.37, 39.37, 0],
		[5, "C2_1", -1110, -4450, "T", "DIP", "GND", "GND", "C", 78.74, 78.74, 39.37, 39.37, 90],
		[6, "C2_1", -1110, -4450, "B", "DIP", "GND", "GND", "C", 78.74, 78.74, 39.37, 39.37, 90],
		[7, "C2_2", -1110, -4250, "T", "DIP", "R8_2", "", "C", 78.74, 78.74, 39.37, 39.37, 90],
		[8, "C2_2", -1110, -4250, "B", "DIP", "R8_2", "", "C", 78.74, 78.74, 39.37, 39.37, 90],
		[9, "C3_1", -897.71, -4070, "T", "DIP", "J2_TN", "", "C", 78.74, 78.74, 39.37, 39.37, 180],
		[10, "C3_1", -897.71, -4070, "B", "DIP", "J2_TN", "", "C", 78.74, 78.74, 39.37, 39.37, 180],
		[11, "C3_2", -1112.28, -4070, "T", "DIP", "C3_2", "", "C", 78.74, 78.74, 39.37, 39.37, 180],
		[12, "C3_2", -1112.28, -4070, "B", "DIP", "C3_2", "", "C", 78.74, 78.74, 39.37, 39.37, 180],
		[13, "C4_1", 132.71, -4030, "T", "DIP", "C4_1", "", "C", 78.74, 78.74, 39.37, 39.37, 0],
		[14, "C4_1", 132.71, -4030, "B", "DIP", "C4_1", "", "C", 78.74, 78.74, 39.37, 39.37, 0],
		[15, "C4_2", 347.28, -4030, "T", "DIP", "R10_1", "", "C", 78.74, 78.74, 39.37, 39.37, 0],
		[16, "C4_2", 347.28, -4030, "B", "DIP", "R10_1", "", "C", 78.74, 78.74, 39.37, 39.37, 0],
		[17, "C5_1", 1075, -4635, "T", "DIP", "R10_1", "", "C", 78.74, 78.74, 39.37, 39.37, 180],
		[18, "C5_1", 1075, -4635, "B", "DIP", "R10_1", "", "C", 78.74, 78.74, 39.37, 39.37, 180],
		[19, "C5_2", 875, -4635, "T", "DIP", "R12_2", "", "C", 78.74, 78.74, 39.37, 39.37, 180],
		[20, "C5_2", 875, -4635, "B", "DIP", "R12_2", "", "C", 78.74, 78.74, 39.37, 39.37, 180],
		[21, "C6_1", 40, -5260, "T", "DIP", "R11_1", "", "C", 78.74, 78.74, 39.37, 39.37, 90],
		[22, "C6_1", 40, -5260, "B", "DIP", "R11_1", "", "C", 78.74, 78.74, 39.37, 39.37, 90],
		[23, "C6_2", 40, -5060, "T", "DIP", "VR1_3", "", "C", 78.74, 78.74, 39.37, 39.37, 90],
		[24, "C6_2", 40, -5060, "B", "DIP", "VR1_3", "", "C", 78.74, 78.74, 39.37, 39.37, 90],
		[25, "C7_1", 600, -5055, "T", "DIP", "VR1_3", "", "C", 78.74, 78.74, 39.37, 39.37, 180],
		[26, "C7_1", 600, -5055, "B", "DIP", "VR1_3", "", "C", 78.74, 78.74, 39.37, 39.37, 180],
		[27, "C7_2", 400, -5055, "T", "DIP", "VR1_2", "", "C", 78.74, 78.74, 39.37, 39.37, 180],
		[28, "C7_2", 400, -5055, "B", "DIP", "VR1_2", "", "C", 78.74, 78.74, 39.37, 39.37, 180],
		[29, "C8_1", 1605, -5045, "T", "DIP", "R16_2", "", "C", 78.74, 78.74, 39.37, 39.37, 270],
		[30, "C8_1", 1605, -5045, "B", "DIP", "R16_2", "", "C", 78.74, 78.74, 39.37, 39.37, 270],
		[31, "C8_2", 1605, -5245, "T", "DIP", "VR2_3", "", "C", 78.74, 78.74, 39.37, 39.37, 270],
		[32, "C8_2", 1605, -5245, "B", "DIP", "VR2_3", "", "C", 78.74, 78.74, 39.37, 39.37, 270],
		[33, "C9_1", 3405, -5045, "T", "DIP", "R16_1", "", "C", 78.74, 78.74, 39.37, 39.37, 270],
		[34, "C9_1", 3405, -5045, "B", "DIP", "R16_1", "", "C", 78.74, 78.74, 39.37, 39.37, 270],
		[35, "C9_2", 3405, -5245, "T", "DIP", "VR3_2", "", "C", 78.74, 78.74, 39.37, 39.37, 270],
		[36, "C9_2", 3405, -5245, "B", "DIP", "VR3_2", "", "C", 78.74, 78.74, 39.37, 39.37, 270],
		[37, "C10_1", 2395, -5040, "T", "DIP", "R16_1", "", "C", 78.74, 78.74, 39.37, 39.37, 270],
		[38, "C10_1", 2395, -5040, "B", "DIP", "R16_1", "", "C", 78.74, 78.74, 39.37, 39.37, 270],
		[39, "C10_2", 2395, -5240, "T", "DIP", "VR4_2", "", "C", 78.74, 78.74, 39.37, 39.37, 270],
		[40, "C10_2", 2395, -5240, "B", "DIP", "VR4_2", "", "C", 78.74, 78.74, 39.37, 39.37, 270],
		[41, "C11_1", 3985, -4155, "T", "DIP", "VCC", "", "C", 78.74, 78.74, 39.37, 39.37, 270],
		[42, "C11_1", 3985, -4155, "B", "DIP", "VCC", "", "C", 78.74, 78.74, 39.37, 39.37, 270],
		[43, "C11_2", 3985, -4355, "T", "DIP", "GND", "GND", "C", 78.74, 78.74, 39.37, 39.37, 270],
		[44, "C11_2", 3985, -4355, "B", "DIP", "GND", "GND", "C", 78.74, 78.74, 39.37, 39.37, 270],
		[45, "C18_1", 4400, -5022.71, "T", "DIP", "R3_1", "", "C", 78.74, 78.74, 39.37, 39.37, 270],
		[46, "C18_1", 4400, -5022.71, "B", "DIP", "R3_1", "", "C", 78.74, 78.74, 39.37, 39.37, 270],
		[47, "C18_2", 4400, -5237.28, "T", "DIP", "VR5_2", "", "C", 78.74, 78.74, 39.37, 39.37, 270],
		[48, "C18_2", 4400, -5237.28, "B", "DIP", "VR5_2", "", "C", 78.74, 78.74, 39.37, 39.37, 270],
		[49, "CN1_1", 5405, -4390, "T", "DIP", "CN1_1", "", "R", 98.425, 98.425, 55.118, 55.118, 90],
		[50, "CN1_1", 5405, -4390, "B", "DIP", "CN1_1", "", "R", 98.425, 98.425, 55.118, 55.118, 90],
		[51, "CN1_2", 5405, -4250, "T", "DIP", "GND", "GND", "C", 98.425, 98.425, 55.118, 55.118, 90],
		[52, "CN1_2", 5405, -4250, "B", "DIP", "GND", "GND", "C", 98.425, 98.425, 55.118, 55.118, 90],
		[53, "D1_1", 4925, -4150, "T", "DIP", "D1_1", "", "O", 137.795, 118.11, 59.056, 59.056, 0],
		[54, "D1_1", 4925, -4150, "B", "DIP", "D1_1", "", "O", 137.795, 118.11, 59.056, 59.056, 0],
		[55, "D1_2", 4525, -4150, "T", "DIP", "VCC", "", "O", 137.795, 118.11, 59.056, 59.056, 0],
		[56, "D1_2", 4525, -4150, "B", "DIP", "VCC", "", "O", 137.795, 118.11, 59.056, 59.056, 0],
		[57, "D2_1", 4920, -3930, "T", "DIP", "GND", "GND", "O", 137.795, 118.11, 59.056, 59.056, 0],
		[58, "D2_1", 4920, -3930, "B", "DIP", "GND", "GND", "O", 137.795, 118.11, 59.056, 59.056, 0],
		[59, "D2_2", 4520, -3930, "T", "DIP", "VCC", "", "O", 137.795, 118.11, 59.056, 59.056, 0],
		[60, "D2_2", 4520, -3930, "B", "DIP", "VCC", "", "O", 137.795, 118.11, 59.056, 59.056, 0],
		[61, "H1_1", 5405, -4050, "T", "DIP", "GND", "GND", "R", 98.425, 98.425, 55.118, 55.118, 90],
		[62, "H1_1", 5405, -4050, "B", "DIP", "GND", "GND", "R", 98.425, 98.425, 55.118, 55.118, 90],
		[63, "H1_2", 5405, -3910, "T", "DIP", "J3_TN", "", "C", 98.425, 98.425, 55.118, 55.118, 90],
		[64, "H1_2", 5405, -3910, "B", "DIP", "J3_TN", "", "C", 98.425, 98.425, 55.118, 55.118, 90],
		[65, "J1_S", -1380.51, -5645, "T", "DIP", "GND", "GND", "C", 125, 125, 65, 68.25, 270],
		[66, "J1_S", -1380.51, -5645, "B", "DIP", "GND", "GND", "C", 125, 125, 65, 68.25, 270],
		[67, "J1_SN", -2019.49, -5645, "T", "DIP", "J2_TN", "", "C", 125, 125, 65, 68.25, 270],
		[68, "J1_SN", -2019.49, -5645, "B", "DIP", "J2_TN", "", "C", 125, 125, 65, 68.25, 270],
		[69, "J1_T", -1380.51, -5145, "T", "DIP", "R7_2", "", "C", 125, 125, 65, 68.25, 270],
		[70, "J1_T", -1380.51, -5145, "B", "DIP", "R7_2", "", "C", 125, 125, 65, 68.25, 270],
		[71, "J1_TN", -2019.49, -5145, "T", "DIP", "GND", "GND", "C", 125, 125, 65, 68.25, 270],
		[72, "J1_TN", -2019.49, -5145, "B", "DIP", "GND", "GND", "C", 125, 125, 65, 68.25, 270],
		[73, "J2_S", -375.51, -5655, "T", "DIP", "GND", "GND", "C", 125, 125, 65, 68.25, 270],
		[74, "J2_S", -375.51, -5655, "B", "DIP", "GND", "GND", "C", 125, 125, 65, 68.25, 270],
		[75, "J2_SN", -1014.49, -5655, "T", "DIP", "GND", "GND", "C", 125, 125, 65, 68.25, 270],
		[76, "J2_SN", -1014.49, -5655, "B", "DIP", "GND", "GND", "C", 125, 125, 65, 68.25, 270],
		[77, "J2_T", -375.51, -5155, "T", "DIP", "R11_1", "", "C", 125, 125, 65, 68.25, 270],
		[78, "J2_T", -375.51, -5155, "B", "DIP", "R11_1", "", "C", 125, 125, 65, 68.25, 270],
		[79, "J2_TN", -1014.49, -5155, "T", "DIP", "J2_TN", "", "C", 125, 125, 65, 68.25, 270],
		[80, "J2_TN", -1014.49, -5155, "B", "DIP", "J2_TN", "", "C", 125, 125, 65, 68.25, 270],
		[81, "J3_S", 5619.49, -5655, "T", "DIP", "GND", "GND", "C", 125, 125, 65, 68.25, 270],
		[82, "J3_S", 5619.49, -5655, "B", "DIP", "GND", "GND", "C", 125, 125, 65, 68.25, 270],
		[83, "J3_SN", 4980.51, -5655, "T", "DIP", "NET_1", "", "C", 125, 125, 65, 68.25, 270],
		[84, "J3_SN", 4980.51, -5655, "B", "DIP", "NET_1", "", "C", 125, 125, 65, 68.25, 270],
		[85, "J3_T", 5619.49, -5155, "T", "DIP", "R3_2", "", "C", 125, 125, 65, 68.25, 270],
		[86, "J3_T", 5619.49, -5155, "B", "DIP", "R3_2", "", "C", 125, 125, 65, 68.25, 270],
		[87, "J3_TN", 4980.51, -5155, "T", "DIP", "J3_TN", "", "C", 125, 125, 65, 68.25, 270],
		[88, "J3_TN", 4980.51, -5155, "B", "DIP", "J3_TN", "", "C", 125, 125, 65, 68.25, 270],
		[89, "LED1_A", 3665, -4270, "T", "DIP", "R1_2", "", "C", 74, 74, 32, 32, 270],
		[90, "LED1_A", 3665, -4270, "B", "DIP", "R1_2", "", "C", 74, 74, 32, 32, 270],
		[91, "LED1_K", 3665, -4370, "T", "DIP", "GND", "GND", "C", 74, 74, 32, 32, 270],
		[92, "LED1_K", 3665, -4370, "B", "DIP", "GND", "GND", "C", 74, 74, 32, 32, 270],
		[93, "Q1A_1", -1622.4, -4164.37, "T", "SMD", "R6_2", "", "R", 49.213, 27.559, 0, 0, 270],
		[94, "Q1A_2", -1547.6, -4164.37, "T", "SMD", "R8_2", "", "R", 49.213, 27.559, 0, 0, 270],
		[95, "Q1A_3", -1585, -4085.63, "T", "SMD", "C3_2", "", "R", 49.213, 27.559, 0, 0, 270],
		[96, "Q1B_1", -1365, -4070, "T", "DIP", "C3_2", "", "O", 75, 60, 31.6, 31.6, 0],
		[97, "Q1B_1", -1365, -4070, "B", "DIP", "C3_2", "", "O", 75, 60, 31.6, 31.6, 0],
		[98, "Q1B_2", -1365, -4270, "T", "DIP", "R6_2", "", "O", 75, 60, 31.6, 31.6, 0],
		[99, "Q1B_2", -1365, -4270, "B", "DIP", "R6_2", "", "O", 75, 60, 31.6, 31.6, 0],
		[100, "Q1B_3", -1365, -4170, "T", "DIP", "R8_2", "", "O", 75, 60, 31.6, 31.6, 0],
		[101, "Q1B_3", -1365, -4170, "B", "DIP", "R8_2", "", "O", 75, 60, 31.6, 31.6, 0],
		[102, "Q2A_1", -367.4, -4109.37, "T", "SMD", "VR1_2", "", "R", 49.213, 27.559, 0, 0, 270],
		[103, "Q2A_2", -292.6, -4109.37, "T", "SMD", "R9_2", "", "R", 49.213, 27.559, 0, 0, 270],
		[104, "Q2A_3", -330, -4030.63, "T", "SMD", "C4_1", "", "R", 49.213, 27.559, 0, 0, 270],
		[105, "Q2B_1", -100, -4030, "T", "DIP", "C4_1", "", "O", 75, 60, 31.6, 31.6, 0],
		[106, "Q2B_1", -100, -4030, "B", "DIP", "C4_1", "", "O", 75, 60, 31.6, 31.6, 0],
		[107, "Q2B_2", -100, -4230, "T", "DIP", "VR1_2", "", "O", 75, 60, 31.6, 31.6, 0],
		[108, "Q2B_2", -100, -4230, "B", "DIP", "VR1_2", "", "O", 75, 60, 31.6, 31.6, 0],
		[109, "Q2B_3", -100, -4130, "T", "DIP", "R9_2", "", "O", 75, 60, 31.6, 31.6, 0],
		[110, "Q2B_3", -100, -4130, "B", "DIP", "R9_2", "", "O", 75, 60, 31.6, 31.6, 0],
		[111, "Q3A_1", 602.6, -4104.37, "T", "SMD", "R12_2", "", "R", 49.213, 27.559, 0, 0, 270],
		[112, "Q3A_2", 677.4, -4104.37, "T", "SMD", "R15_2", "", "R", 49.213, 27.559, 0, 0, 270],
		[113, "Q3A_3", 640, -4025.63, "T", "SMD", "Q3A_3", "", "R", 49.213, 27.559, 0, 0, 270],
		[114, "Q3B_1", 865, -4025, "T", "DIP", "Q3A_3", "", "O", 75, 60, 31.6, 31.6, 0],
		[115, "Q3B_1", 865, -4025, "B", "DIP", "Q3A_3", "", "O", 75, 60, 31.6, 31.6, 0],
		[116, "Q3B_2", 865, -4225, "T", "DIP", "R12_2", "", "O", 75, 60, 31.6, 31.6, 0],
		[117, "Q3B_2", 865, -4225, "B", "DIP", "R12_2", "", "O", 75, 60, 31.6, 31.6, 0],
		[118, "Q3B_3", 865, -4125, "T", "DIP", "R15_2", "", "O", 75, 60, 31.6, 31.6, 0],
		[119, "Q3B_3", 865, -4125, "B", "DIP", "R15_2", "", "O", 75, 60, 31.6, 31.6, 0],
		[120, "Q4A_1", 1442.6, -3874.37, "T", "SMD", "Q3A_3", "", "R", 49.213, 27.559, 0, 0, 270],
		[121, "Q4A_2", 1517.4, -3874.37, "T", "SMD", "R16_2", "", "R", 49.213, 27.559, 0, 0, 270],
		[122, "Q4A_3", 1480, -3795.63, "T", "SMD", "VCC", "", "R", 49.213, 27.559, 0, 0, 270],
		[123, "Q4B_1", 1715, -3790, "T", "DIP", "VCC", "", "O", 75, 60, 31.6, 31.6, 0],
		[124, "Q4B_1", 1715, -3790, "B", "DIP", "VCC", "", "O", 75, 60, 31.6, 31.6, 0],
		[125, "Q4B_2", 1715, -3990, "T", "DIP", "Q3A_3", "", "O", 75, 60, 31.6, 31.6, 0],
		[126, "Q4B_2", 1715, -3990, "B", "DIP", "Q3A_3", "", "O", 75, 60, 31.6, 31.6, 0],
		[127, "Q4B_3", 1715, -3890, "T", "DIP", "R16_2", "", "O", 75, 60, 31.6, 31.6, 0],
		[128, "Q4B_3", 1715, -3890, "B", "DIP", "R16_2", "", "O", 75, 60, 31.6, 31.6, 0],
		[129, "R1_1", 3991.42, -4025, "T", "DIP", "VCC", "", "C", 59.055, 59.055, 31.496, 31.496, 270],
		[130, "R1_1", 3991.42, -4025, "B", "DIP", "VCC", "", "C", 59.055, 59.055, 31.496, 31.496, 270],
		[131, "R1_2", 3664.65, -4025, "T", "DIP", "R1_2", "", "C", 59.055, 59.055, 31.496, 31.496, 270],
		[132, "R1_2", 3664.65, -4025, "B", "DIP", "R1_2", "", "C", 59.055, 59.055, 31.496, 31.496, 270],
		[133, "R3_1", 5288.58, -4690, "T", "DIP", "R3_1", "", "C", 59.055, 59.055, 31.496, 31.696, 90],
		[134, "R3_1", 5288.58, -4690, "B", "DIP", "R3_1", "", "C", 59.055, 59.055, 31.496, 31.696, 90],
		[135, "R3_2", 5615.35, -4690, "T", "DIP", "R3_2", "", "C", 59.055, 59.055, 31.496, 31.696, 90],
		[136, "R3_2", 5615.35, -4690, "B", "DIP", "R3_2", "", "C", 59.055, 59.055, 31.496, 31.696, 90],
		[137, "R6_1", -1365, -4701.42, "T", "DIP", "R7_2", "", "C", 59.055, 59.055, 31.496, 31.696, 180],
		[138, "R6_1", -1365, -4701.42, "B", "DIP", "R7_2", "", "C", 59.055, 59.055, 31.496, 31.696, 180],
		[139, "R6_2", -1365, -4374.65, "T", "DIP", "R6_2", "", "C", 59.055, 59.055, 31.496, 31.696, 180],
		[140, "R6_2", -1365, -4374.65, "B", "DIP", "R6_2", "", "C", 59.055, 59.055, 31.496, 31.696, 180],
		[141, "R7_1", -1038.58, -4835, "T", "DIP", "GND", "GND", "C", 59.055, 59.055, 31.496, 31.696, 270],
		[142, "R7_1", -1038.58, -4835, "B", "DIP", "GND", "GND", "C", 59.055, 59.055, 31.496, 31.696, 270],
		[143, "R7_2", -1365.35, -4835, "T", "DIP", "R7_2", "", "C", 59.055, 59.055, 31.496, 31.696, 270],
		[144, "R7_2", -1365.35, -4835, "B", "DIP", "R7_2", "", "C", 59.055, 59.055, 31.496, 31.696, 270],
		[145, "R8_1", -915, -4571.42, "T", "DIP", "GND", "GND", "C", 59.055, 59.055, 31.496, 31.696, 180],
		[146, "R8_1", -915, -4571.42, "B", "DIP", "GND", "GND", "C", 59.055, 59.055, 31.496, 31.696, 180],
		[147, "R8_2", -915, -4244.65, "T", "DIP", "R8_2", "", "C", 59.055, 59.055, 31.496, 31.696, 180],
		[148, "R8_2", -915, -4244.65, "B", "DIP", "R8_2", "", "C", 59.055, 59.055, 31.496, 31.696, 180],
		[149, "R9_1", 401.42, -4245, "T", "DIP", "GND", "GND", "C", 59.055, 59.055, 31.496, 31.696, 270],
		[150, "R9_1", 401.42, -4245, "B", "DIP", "GND", "GND", "C", 59.055, 59.055, 31.496, 31.696, 270],
		[151, "R9_2", 74.65, -4245, "T", "DIP", "R9_2", "", "C", 59.055, 59.055, 31.496, 31.696, 270],
		[152, "R9_2", 74.65, -4245, "B", "DIP", "R9_2", "", "C", 59.055, 59.055, 31.496, 31.696, 270],
		[153, "R10_1", 1196.42, -4485, "T", "DIP", "R10_1", "", "C", 59.055, 59.055, 31.496, 31.696, 270],
		[154, "R10_1", 1196.42, -4485, "B", "DIP", "R10_1", "", "C", 59.055, 59.055, 31.496, 31.696, 270],
		[155, "R10_2", 869.65, -4485, "T", "DIP", "R12_2", "", "C", 59.055, 59.055, 31.496, 31.696, 270],
		[156, "R10_2", 869.65, -4485, "B", "DIP", "R12_2", "", "C", 59.055, 59.055, 31.496, 31.696, 270],
		[157, "R11_1", -100, -5336.42, "T", "DIP", "R11_1", "", "C", 59.055, 59.055, 31.496, 31.696, 180],
		[158, "R11_1", -100, -5336.42, "B", "DIP", "R11_1", "", "C", 59.055, 59.055, 31.496, 31.696, 180],
		[159, "R11_2", -100, -5009.65, "T", "DIP", "VR1_3", "", "C", 59.055, 59.055, 31.496, 31.696, 180],
		[160, "R11_2", -100, -5009.65, "B", "DIP", "VR1_3", "", "C", 59.055, 59.055, 31.496, 31.696, 180],
		[161, "R12_1", 1191.42, -4330, "T", "DIP", "GND", "GND", "C", 59.055, 59.055, 31.496, 31.696, 270],
		[162, "R12_1", 1191.42, -4330, "B", "DIP", "GND", "GND", "C", 59.055, 59.055, 31.496, 31.696, 270],
		[163, "R12_2", 864.65, -4330, "T", "DIP", "R12_2", "", "C", 59.055, 59.055, 31.496, 31.696, 270],
		[164, "R12_2", 864.65, -4330, "B", "DIP", "R12_2", "", "C", 59.055, 59.055, 31.496, 31.696, 270],
		[165, "R14_1", 1920, -4324.41, "T", "DIP", "GND", "GND", "C", 59.055, 59.055, 31.496, 31.496, 180],
		[166, "R14_1", 1920, -4324.41, "B", "DIP", "GND", "GND", "C", 59.055, 59.055, 31.496, 31.496, 180],
		[167, "R14_2", 1920, -3891.34, "T", "DIP", "R16_2", "", "C", 59.055, 59.055, 31.496, 31.496, 180],
		[168, "R14_2", 1920, -3891.34, "B", "DIP", "R16_2", "", "C", 59.055, 59.055, 31.496, 31.496, 180],
		[169, "R15_1", 1431.42, -4120, "T", "DIP", "GND", "GND", "C", 59.055, 59.055, 31.496, 31.696, 270],
		[170, "R15_1", 1431.42, -4120, "B", "DIP", "GND", "GND", "C", 59.055, 59.055, 31.496, 31.696, 270],
		[171, "R15_2", 1104.65, -4120, "T", "DIP", "R15_2", "", "C", 59.055, 59.055, 31.496, 31.696, 270],
		[172, "R15_2", 1104.65, -4120, "B", "DIP", "R15_2", "", "C", 59.055, 59.055, 31.496, 31.696, 270],
		[173, "R16_1", 2156.42, -5045, "T", "DIP", "R16_1", "", "C", 59.055, 59.055, 31.496, 31.696, 270],
		[174, "R16_1", 2156.42, -5045, "B", "DIP", "R16_1", "", "C", 59.055, 59.055, 31.496, 31.696, 270],
		[175, "R16_2", 1829.65, -5045, "T", "DIP", "R16_2", "", "C", 59.055, 59.055, 31.496, 31.696, 270],
		[176, "R16_2", 1829.65, -5045, "B", "DIP", "R16_2", "", "C", 59.055, 59.055, 31.496, 31.696, 270],
		[177, "SW1_1", 5030, -4385, "T", "DIP", "CN1_1", "", "R", 65, 65, 35, 35, 270],
		[178, "SW1_1", 5030, -4385, "B", "DIP", "CN1_1", "", "R", 65, 65, 35, 35, 270],
		[179, "SW1_2", 4930, -4385, "T", "DIP", "D1_1", "", "C", 65, 65, 35, 35, 270],
		[180, "SW1_2", 4930, -4385, "B", "DIP", "D1_1", "", "C", 65, 65, 35, 35, 270],
		[181, "TR1_1", -1171.57, -3710, "T", "DIP", "VCC", "", "C", 60, 60, 29.528, 29.528, 0],
		[182, "TR1_1", -1171.57, -3710, "B", "DIP", "VCC", "", "C", 60, 60, 29.528, 29.528, 0],
		[183, "TR1_2", -1270, -3611.58, "T", "DIP", "C3_2", "", "C", 60, 60, 29.528, 29.528, 0],
		[184, "TR1_2", -1270, -3611.58, "B", "DIP", "C3_2", "", "C", 60, 60, 29.528, 29.528, 0],
		[185, "TR1_3", -1368.42, -3710, "T", "DIP", "C3_2", "", "C", 60, 60, 29.528, 29.528, 0],
		[186, "TR1_3", -1368.42, -3710, "B", "DIP", "C3_2", "", "C", 60, 60, 29.528, 29.528, 0],
		[187, "TR2_1", 98.43, -3705, "T", "DIP", "VCC", "", "C", 60, 60, 29.528, 29.528, 0],
		[188, "TR2_1", 98.43, -3705, "B", "DIP", "VCC", "", "C", 60, 60, 29.528, 29.528, 0],
		[189, "TR2_2", 0, -3606.58, "T", "DIP", "C4_1", "", "C", 60, 60, 29.528, 29.528, 0],
		[190, "TR2_2", 0, -3606.58, "B", "DIP", "C4_1", "", "C", 60, 60, 29.528, 29.528, 0],
		[191, "TR2_3", -98.42, -3705, "T", "DIP", "C4_1", "", "C", 60, 60, 29.528, 29.528, 0],
		[192, "TR2_3", -98.42, -3705, "B", "DIP", "C4_1", "", "C", 60, 60, 29.528, 29.528, 0],
		[193, "TR3_1", 1063.43, -3695, "T", "DIP", "VCC", "", "C", 60, 60, 29.528, 29.528, 0],
		[194, "TR3_1", 1063.43, -3695, "B", "DIP", "VCC", "", "C", 60, 60, 29.528, 29.528, 0],
		[195, "TR3_2", 965, -3596.58, "T", "DIP", "Q3A_3", "", "C", 60, 60, 29.528, 29.528, 0],
		[196, "TR3_2", 965, -3596.58, "B", "DIP", "Q3A_3", "", "C", 60, 60, 29.528, 29.528, 0],
		[197, "TR3_3", 866.58, -3695, "T", "DIP", "Q3A_3", "", "C", 60, 60, 29.528, 29.528, 0],
		[198, "TR3_3", 866.58, -3695, "B", "DIP", "Q3A_3", "", "C", 60, 60, 29.528, 29.528, 0],
		[199, "VR1_1", 203.15, -5705, "T", "DIP", "GND", "GND", "C", 86.614, 86.614, 51.182, 51.182, 180],
		[200, "VR1_1", 203.15, -5705, "B", "DIP", "GND", "GND", "C", 86.614, 86.614, 51.182, 51.182, 180],
		[201, "VR1_2", 400, -5705, "T", "DIP", "VR1_2", "", "C", 86.614, 86.614, 51.182, 51.182, 180],
		[202, "VR1_2", 400, -5705, "B", "DIP", "VR1_2", "", "C", 86.614, 86.614, 51.182, 51.182, 180],
		[203, "VR1_3", 596.85, -5705, "T", "DIP", "VR1_3", "", "C", 86.614, 86.614, 51.182, 51.182, 180],
		[204, "VR1_3", 596.85, -5705, "B", "DIP", "VR1_3", "", "C", 86.614, 86.614, 51.182, 51.182, 180],
		[205, "VR2_1", 1203.15, -5705, "T", "DIP", "VR3_2", "", "C", 86.614, 86.614, 51.182, 51.182, 180],
		[206, "VR2_1", 1203.15, -5705, "B", "DIP", "VR3_2", "", "C", 86.614, 86.614, 51.182, 51.182, 180],
		[207, "VR2_2", 1400, -5705, "T", "DIP", "VR5_3", "", "C", 86.614, 86.614, 51.182, 51.182, 180],
		[208, "VR2_2", 1400, -5705, "B", "DIP", "VR5_3", "", "C", 86.614, 86.614, 51.182, 51.182, 180],
		[209, "VR2_3", 1596.85, -5705, "T", "DIP", "VR2_3", "", "C", 86.614, 86.614, 51.182, 51.182, 180],
		[210, "VR2_3", 1596.85, -5705, "B", "DIP", "VR2_3", "", "C", 86.614, 86.614, 51.182, 51.182, 180],
		[211, "VR3_1", 3203.15, -5705, "T", "DIP", "VR4_3", "", "C", 86.614, 86.614, 51.182, 51.182, 180],
		[212, "VR3_1", 3203.15, -5705, "B", "DIP", "VR4_3", "", "C", 86.614, 86.614, 51.182, 51.182, 180],
		[213, "VR3_2", 3400, -5705, "T", "DIP", "VR3_2", "", "C", 86.614, 86.614, 51.182, 51.182, 180],
		[214, "VR3_2", 3400, -5705, "B", "DIP", "VR3_2", "", "C", 86.614, 86.614, 51.182, 51.182, 180],
		[215, "VR3_3", 3596.85, -5705, "T", "DIP", "NET_2", "", "C", 86.614, 86.614, 51.182, 51.182, 180],
		[216, "VR3_3", 3596.85, -5705, "B", "DIP", "NET_2", "", "C", 86.614, 86.614, 51.182, 51.182, 180],
		[217, "VR4_1", 2203.15, -5705, "T", "DIP", "GND", "GND", "C", 86.614, 86.614, 51.182, 51.182, 180],
		[218, "VR4_1", 2203.15, -5705, "B", "DIP", "GND", "GND", "C", 86.614, 86.614, 51.182, 51.182, 180],
		[219, "VR4_2", 2400, -5705, "T", "DIP", "VR4_2", "", "C", 86.614, 86.614, 51.182, 51.182, 180],
		[220, "VR4_2", 2400, -5705, "B", "DIP", "VR4_2", "", "C", 86.614, 86.614, 51.182, 51.182, 180],
		[221, "VR4_3", 2596.85, -5705, "T", "DIP", "VR4_3", "", "C", 86.614, 86.614, 51.182, 51.182, 180],
		[222, "VR4_3", 2596.85, -5705, "B", "DIP", "VR4_3", "", "C", 86.614, 86.614, 51.182, 51.182, 180],
		[223, "VR5_1", 4203.15, -5705, "T", "DIP", "GND", "GND", "C", 86.614, 86.614, 51.182, 51.182, 180],
		[224, "VR5_1", 4203.15, -5705, "B", "DIP", "GND", "GND", "C", 86.614, 86.614, 51.182, 51.182, 180],
		[225, "VR5_2", 4400, -5705, "T", "DIP", "VR5_2", "", "C", 86.614, 86.614, 51.182, 51.182, 180],
		[226, "VR5_2", 4400, -5705, "B", "DIP", "VR5_2", "", "C", 86.614, 86.614, 51.182, 51.182, 180],
		[227, "VR5_3", 4596.85, -5705, "T", "DIP", "VR5_3", "", "C", 86.614, 86.614, 51.182, 51.182, 180],
		[228, "VR5_3", 4596.85, -5705, "B", "DIP", "VR5_3", "", "C", 86.614, 86.614, 51.182, 51.182, 180],
		[229, "PAD1_TN", 4980.51, -5155, "T", "DIP", "J3_TN", "", "C", 125, 125, 65, 68.25, 270],
		[230, "PAD1_TN", 4980.51, -5155, "B", "DIP", "J3_TN", "", "C", 125, 125, 65, 68.25, 270],
		[231, "PAD2_T", 5619.49, -5155, "T", "DIP", "R3_2", "", "C", 125, 125, 65, 68.25, 270],
		[232, "PAD2_T", 5619.49, -5155, "B", "DIP", "R3_2", "", "C", 125, 125, 65, 68.25, 270],
		[233, "PAD3_S", 5619.49, -5655, "T", "DIP", "GND", "GND", "C", 125, 125, 65, 68.25, 270],
		[234, "PAD3_S", 5619.49, -5655, "B", "DIP", "GND", "GND", "C", 125, 125, 65, 68.25, 270],
		[235, "PAD4_1", 5405, -4050, "T", "DIP", "GND", "GND", "R", 98.425, 98.425, 55.118, 55.118, 90],
		[236, "PAD4_1", 5405, -4050, "B", "DIP", "GND", "GND", "R", 98.425, 98.425, 55.118, 55.118, 90],
		[237, "PAD5_2", 5405, -3910, "T", "DIP", "J3_TN", "", "C", 98.425, 98.425, 55.118, 55.118, 90],
		[238, "PAD5_2", 5405, -3910, "B", "DIP", "J3_TN", "", "C", 98.425, 98.425, 55.118, 55.118, 90],
		[239, "PAD6_2", 4265, -4298.9, "T", "DIP", "GND", "GND", "C", 62.992, 62.992, 39.37, 39.37, 0],
		[240, "PAD6_2", 4265, -4298.9, "B", "DIP", "GND", "GND", "C", 62.992, 62.992, 39.37, 39.37, 0],
		[241, "PAD7_1", 4265, -4161.1, "T", "DIP", "VCC", "", "C", 62.992, 62.992, 39.37, 39.37, 0],
		[242, "PAD7_1", 4265, -4161.1, "B", "DIP", "VCC", "", "C", 62.992, 62.992, 39.37, 39.37, 0],
		[243, "PAD8_1", -1110, -4450, "T", "DIP", "GND", "GND", "C", 78.74, 78.74, 39.37, 39.37, 90],
		[244, "PAD8_1", -1110, -4450, "B", "DIP", "GND", "GND", "C", 78.74, 78.74, 39.37, 39.37, 90],
		[245, "PAD9_2", -1110, -4250, "T", "DIP", "R8_2", "", "C", 78.74, 78.74, 39.37, 39.37, 90],
		[246, "PAD9_2", -1110, -4250, "B", "DIP", "R8_2", "", "C", 78.74, 78.74, 39.37, 39.37, 90],
		[247, "PAD10_1", 1075, -4635, "T", "DIP", "R10_1", "", "C", 78.74, 78.74, 39.37, 39.37, 180],
		[248, "PAD10_1", 1075, -4635, "B", "DIP", "R10_1", "", "C", 78.74, 78.74, 39.37, 39.37, 180],
		[249, "PAD11_2", 875, -4635, "T", "DIP", "R12_2", "", "C", 78.74, 78.74, 39.37, 39.37, 180],
		[250, "PAD11_2", 875, -4635, "B", "DIP", "R12_2", "", "C", 78.74, 78.74, 39.37, 39.37, 180],
		[251, "PAD12_1", 40, -5260, "T", "DIP", "R11_1", "", "C", 78.74, 78.74, 39.37, 39.37, 90],
		[252, "PAD12_1", 40, -5260, "B", "DIP", "R11_1", "", "C", 78.74, 78.74, 39.37, 39.37, 90],
		[253, "PAD13_2", 40, -5060, "T", "DIP", "VR1_3", "", "C", 78.74, 78.74, 39.37, 39.37, 90],
		[254, "PAD13_2", 40, -5060, "B", "DIP", "VR1_3", "", "C", 78.74, 78.74, 39.37, 39.37, 90],
		[255, "PAD14_1", 600, -5055, "T", "DIP", "VR1_3", "", "C", 78.74, 78.74, 39.37, 39.37, 180],
		[256, "PAD14_1", 600, -5055, "B", "DIP", "VR1_3", "", "C", 78.74, 78.74, 39.37, 39.37, 180],
		[257, "PAD15_2", 400, -5055, "T", "DIP", "VR1_2", "", "C", 78.74, 78.74, 39.37, 39.37, 180],
		[258, "PAD15_2", 400, -5055, "B", "DIP", "VR1_2", "", "C", 78.74, 78.74, 39.37, 39.37, 180],
		[259, "PAD16_1", 1605, -5045, "T", "DIP", "R16_2", "", "C", 78.74, 78.74, 39.37, 39.37, 270],
		[260, "PAD16_1", 1605, -5045, "B", "DIP", "R16_2", "", "C", 78.74, 78.74, 39.37, 39.37, 270],
		[261, "PAD17_2", 1605, -5245, "T", "DIP", "VR2_3", "", "C", 78.74, 78.74, 39.37, 39.37, 270],
		[262, "PAD17_2", 1605, -5245, "B", "DIP", "VR2_3", "", "C", 78.74, 78.74, 39.37, 39.37, 270],
		[263, "PAD18_1", 3405, -5045, "T", "DIP", "R16_1", "", "C", 78.74, 78.74, 39.37, 39.37, 270],
		[264, "PAD18_1", 3405, -5045, "B", "DIP", "R16_1", "", "C", 78.74, 78.74, 39.37, 39.37, 270],
		[265, "PAD19_2", 3405, -5245, "T", "DIP", "VR3_2", "", "C", 78.74, 78.74, 39.37, 39.37, 270],
		[266, "PAD19_2", 3405, -5245, "B", "DIP", "VR3_2", "", "C", 78.74, 78.74, 39.37, 39.37, 270],
		[267, "PAD20_1", 2395, -5040, "T", "DIP", "R16_1", "", "C", 78.74, 78.74, 39.37, 39.37, 270],
		[268, "PAD20_1", 2395, -5040, "B", "DIP", "R16_1", "", "C", 78.74, 78.74, 39.37, 39.37, 270],
		[269, "PAD21_2", 2395, -5240, "T", "DIP", "VR4_2", "", "C", 78.74, 78.74, 39.37, 39.37, 270],
		[270, "PAD21_2", 2395, -5240, "B", "DIP", "VR4_2", "", "C", 78.74, 78.74, 39.37, 39.37, 270],
		[271, "PAD22_1", 3985, -4155, "T", "DIP", "VCC", "", "C", 78.74, 78.74, 39.37, 39.37, 270],
		[272, "PAD22_1", 3985, -4155, "B", "DIP", "VCC", "", "C", 78.74, 78.74, 39.37, 39.37, 270],
		[273, "PAD23_2", 3985, -4355, "T", "DIP", "GND", "GND", "C", 78.74, 78.74, 39.37, 39.37, 270],
		[274, "PAD23_2", 3985, -4355, "B", "DIP", "GND", "GND", "C", 78.74, 78.74, 39.37, 39.37, 270],
		[275, "PAD24_1", -897.71, -4070, "T", "DIP", "J2_TN", "", "C", 78.74, 78.74, 39.37, 39.37, 180],
		[276, "PAD24_1", -897.71, -4070, "B", "DIP", "J2_TN", "", "C", 78.74, 78.74, 39.37, 39.37, 180],
		[277, "PAD25_2", -1112.28, -4070, "T", "DIP", "C3_2", "", "C", 78.74, 78.74, 39.37, 39.37, 180],
		[278, "PAD25_2", -1112.28, -4070, "B", "DIP", "C3_2", "", "C", 78.74, 78.74, 39.37, 39.37, 180],
		[279, "PAD26_1", 132.71, -4030, "T", "DIP", "C4_1", "", "C", 78.74, 78.74, 39.37, 39.37, 0],
		[280, "PAD26_1", 132.71, -4030, "B", "DIP", "C4_1", "", "C", 78.74, 78.74, 39.37, 39.37, 0],
		[281, "PAD27_2", 347.28, -4030, "T", "DIP", "R10_1", "", "C", 78.74, 78.74, 39.37, 39.37, 0],
		[282, "PAD27_2", 347.28, -4030, "B", "DIP", "R10_1", "", "C", 78.74, 78.74, 39.37, 39.37, 0],
		[283, "PAD28_1", 4400, -5022.71, "T", "DIP", "R3_1", "", "C", 78.74, 78.74, 39.37, 39.37, 270],
		[284, "PAD28_1", 4400, -5022.71, "B", "DIP", "R3_1", "", "C", 78.74, 78.74, 39.37, 39.37, 270],
		[285, "PAD29_2", 4400, -5237.28, "T", "DIP", "VR5_2", "", "C", 78.74, 78.74, 39.37, 39.37, 270],
		[286, "PAD29_2", 4400, -5237.28, "B", "DIP", "VR5_2", "", "C", 78.74, 78.74, 39.37, 39.37, 270],
		[287, "PAD30_1", 5405, -4390, "T", "DIP", "CN1_1", "", "R", 98.425, 98.425, 55.118, 55.118, 90],
		[288, "PAD30_1", 5405, -4390, "B", "DIP", "CN1_1", "", "R", 98.425, 98.425, 55.118, 55.118, 90],
		[289, "PAD31_2", 5405, -4250, "T", "DIP", "GND", "GND", "C", 98.425, 98.425, 55.118, 55.118, 90],
		[290, "PAD31_2", 5405, -4250, "B", "DIP", "GND", "GND", "C", 98.425, 98.425, 55.118, 55.118, 90],
		[291, "PAD32_2", 4525, -4150, "T", "DIP", "VCC", "", "O", 137.795, 118.11, 59.056, 59.056, 0],
		[292, "PAD32_2", 4525, -4150, "B", "DIP", "VCC", "", "O", 137.795, 118.11, 59.056, 59.056, 0],
		[293, "PAD33_1", 4925, -4150, "T", "DIP", "D1_1", "", "O", 137.795, 118.11, 59.056, 59.056, 0],
		[294, "PAD33_1", 4925, -4150, "B", "DIP", "D1_1", "", "O", 137.795, 118.11, 59.056, 59.056, 0],
		[295, "PAD34_2", 4520, -3930, "T", "DIP", "VCC", "", "O", 137.795, 118.11, 59.056, 59.056, 0],
		[296, "PAD34_2", 4520, -3930, "B", "DIP", "VCC", "", "O", 137.795, 118.11, 59.056, 59.056, 0],
		[297, "PAD35_1", 4920, -3930, "T", "DIP", "GND", "GND", "O", 137.795, 118.11, 59.056, 59.056, 0],
		[298, "PAD35_1", 4920, -3930, "B", "DIP", "GND", "GND", "O", 137.795, 118.11, 59.056, 59.056, 0],
		[299, "PAD36_SN", -2019.49, -5645, "T", "DIP", "J2_TN", "", "C", 125, 125, 65, 68.25, 270],
		[300, "PAD36_SN", -2019.49, -5645, "B", "DIP", "J2_TN", "", "C", 125, 125, 65, 68.25, 270],
		[301, "PAD37_TN", -2019.49, -5145, "T", "DIP", "GND", "GND", "C", 125, 125, 65, 68.25, 270],
		[302, "PAD37_TN", -2019.49, -5145, "B", "DIP", "GND", "GND", "C", 125, 125, 65, 68.25, 270],
		[303, "PAD38_T", -1380.51, -5145, "T", "DIP", "R7_2", "", "C", 125, 125, 65, 68.25, 270],
		[304, "PAD38_T", -1380.51, -5145, "B", "DIP", "R7_2", "", "C", 125, 125, 65, 68.25, 270],
		[305, "PAD39_S", -1380.51, -5645, "T", "DIP", "GND", "GND", "C", 125, 125, 65, 68.25, 270],
		[306, "PAD39_S", -1380.51, -5645, "B", "DIP", "GND", "GND", "C", 125, 125, 65, 68.25, 270],
		[307, "PAD40_SN", -1014.49, -5655, "T", "DIP", "GND", "GND", "C", 125, 125, 65, 68.25, 270],
		[308, "PAD40_SN", -1014.49, -5655, "B", "DIP", "GND", "GND", "C", 125, 125, 65, 68.25, 270],
		[309, "PAD41_TN", -1014.49, -5155, "T", "DIP", "J2_TN", "", "C", 125, 125, 65, 68.25, 270],
		[310, "PAD41_TN", -1014.49, -5155, "B", "DIP", "J2_TN", "", "C", 125, 125, 65, 68.25, 270],
		[311, "PAD42_T", -375.51, -5155, "T", "DIP", "R11_1", "", "C", 125, 125, 65, 68.25, 270],
		[312, "PAD42_T", -375.51, -5155, "B", "DIP", "R11_1", "", "C", 125, 125, 65, 68.25, 270],
		[313, "PAD43_S", -375.51, -5655, "T", "DIP", "GND", "GND", "C", 125, 125, 65, 68.25, 270],
		[314, "PAD43_S", -375.51, -5655, "B", "DIP", "GND", "GND", "C", 125, 125, 65, 68.25, 270],
		[315, "PAD44_A", 3665, -4270, "T", "DIP", "R1_2", "", "C", 74, 74, 32, 32, 270],
		[316, "PAD44_A", 3665, -4270, "B", "DIP", "R1_2", "", "C", 74, 74, 32, 32, 270],
		[317, "PAD45_K", 3665, -4370, "T", "DIP", "GND", "GND", "C", 74, 74, 32, 32, 270],
		[318, "PAD45_K", 3665, -4370, "B", "DIP", "GND", "GND", "C", 74, 74, 32, 32, 270],
		[319, "PAD46_1", -1622.4, -4164.37, "T", "SMD", "R6_2", "", "R", 49.213, 27.559, 0, 0, 270],
		[320, "PAD47_2", -1547.6, -4164.37, "T", "SMD", "R8_2", "", "R", 49.213, 27.559, 0, 0, 270],
		[321, "PAD48_3", -1585, -4085.63, "T", "SMD", "C3_2", "", "R", 49.213, 27.559, 0, 0, 270],
		[322, "PAD49_1", -367.4, -4109.37, "T", "SMD", "VR1_2", "", "R", 49.213, 27.559, 0, 0, 270],
		[323, "PAD50_2", -292.6, -4109.37, "T", "SMD", "R9_2", "", "R", 49.213, 27.559, 0, 0, 270],
		[324, "PAD51_3", -330, -4030.63, "T", "SMD", "C4_1", "", "R", 49.213, 27.559, 0, 0, 270],
		[325, "PAD52_1", 602.6, -4104.37, "T", "SMD", "R12_2", "", "R", 49.213, 27.559, 0, 0, 270],
		[326, "PAD53_2", 677.4, -4104.37, "T", "SMD", "R15_2", "", "R", 49.213, 27.559, 0, 0, 270],
		[327, "PAD54_3", 640, -4025.63, "T", "SMD", "Q3A_3", "", "R", 49.213, 27.559, 0, 0, 270],
		[328, "PAD55_1", 1442.6, -3874.37, "T", "SMD", "Q3A_3", "", "R", 49.213, 27.559, 0, 0, 270],
		[329, "PAD56_2", 1517.4, -3874.37, "T", "SMD", "R16_2", "", "R", 49.213, 27.559, 0, 0, 270],
		[330, "PAD57_3", 1480, -3795.63, "T", "SMD", "VCC", "", "R", 49.213, 27.559, 0, 0, 270],
		[331, "PAD58_1", -1365, -4070, "T", "DIP", "C3_2", "", "O", 75, 60, 31.6, 31.6, 0],
		[332, "PAD58_1", -1365, -4070, "B", "DIP", "C3_2", "", "O", 75, 60, 31.6, 31.6, 0],
		[333, "PAD59_3", -1365, -4170, "T", "DIP", "R8_2", "", "O", 75, 60, 31.6, 31.6, 0],
		[334, "PAD59_3", -1365, -4170, "B", "DIP", "R8_2", "", "O", 75, 60, 31.6, 31.6, 0],
		[335, "PAD60_2", -1365, -4270, "T", "DIP", "R6_2", "", "O", 75, 60, 31.6, 31.6, 0],
		[336, "PAD60_2", -1365, -4270, "B", "DIP", "R6_2", "", "O", 75, 60, 31.6, 31.6, 0],
		[337, "PAD61_1", -100, -4030, "T", "DIP", "C4_1", "", "O", 75, 60, 31.6, 31.6, 0],
		[338, "PAD61_1", -100, -4030, "B", "DIP", "C4_1", "", "O", 75, 60, 31.6, 31.6, 0],
		[339, "PAD62_3", -100, -4130, "T", "DIP", "R9_2", "", "O", 75, 60, 31.6, 31.6, 0],
		[340, "PAD62_3", -100, -4130, "B", "DIP", "R9_2", "", "O", 75, 60, 31.6, 31.6, 0],
		[341, "PAD63_2", -100, -4230, "T", "DIP", "VR1_2", "", "O", 75, 60, 31.6, 31.6, 0],
		[342, "PAD63_2", -100, -4230, "B", "DIP", "VR1_2", "", "O", 75, 60, 31.6, 31.6, 0],
		[343, "PAD64_1", 865, -4025, "T", "DIP", "Q3A_3", "", "O", 75, 60, 31.6, 31.6, 0],
		[344, "PAD64_1", 865, -4025, "B", "DIP", "Q3A_3", "", "O", 75, 60, 31.6, 31.6, 0],
		[345, "PAD65_3", 865, -4125, "T", "DIP", "R15_2", "", "O", 75, 60, 31.6, 31.6, 0],
		[346, "PAD65_3", 865, -4125, "B", "DIP", "R15_2", "", "O", 75, 60, 31.6, 31.6, 0],
		[347, "PAD66_2", 865, -4225, "T", "DIP", "R12_2", "", "O", 75, 60, 31.6, 31.6, 0],
		[348, "PAD66_2", 865, -4225, "B", "DIP", "R12_2", "", "O", 75, 60, 31.6, 31.6, 0],
		[349, "PAD67_1", 1715, -3790, "T", "DIP", "VCC", "", "O", 75, 60, 31.6, 31.6, 0],
		[350, "PAD67_1", 1715, -3790, "B", "DIP", "VCC", "", "O", 75, 60, 31.6, 31.6, 0],
		[351, "PAD68_3", 1715, -3890, "T", "DIP", "R16_2", "", "O", 75, 60, 31.6, 31.6, 0],
		[352, "PAD68_3", 1715, -3890, "B", "DIP", "R16_2", "", "O", 75, 60, 31.6, 31.6, 0],
		[353, "PAD69_2", 1715, -3990, "T", "DIP", "Q3A_3", "", "O", 75, 60, 31.6, 31.6, 0],
		[354, "PAD69_2", 1715, -3990, "B", "DIP", "Q3A_3", "", "O", 75, 60, 31.6, 31.6, 0],
		[355, "PAD70_1", 3991.42, -4025, "T", "DIP", "VCC", "", "C", 59.055, 59.055, 31.496, 31.496, 270],
		[356, "PAD70_1", 3991.42, -4025, "B", "DIP", "VCC", "", "C", 59.055, 59.055, 31.496, 31.496, 270],
		[357, "PAD71_2", 3664.65, -4025, "T", "DIP", "R1_2", "", "C", 59.055, 59.055, 31.496, 31.496, 270],
		[358, "PAD71_2", 3664.65, -4025, "B", "DIP", "R1_2", "", "C", 59.055, 59.055, 31.496, 31.496, 270],
		[359, "PAD72_1", 5288.58, -4690, "T", "DIP", "R3_1", "", "C", 59.055, 59.055, 31.496, 31.696, 90],
		[360, "PAD72_1", 5288.58, -4690, "B", "DIP", "R3_1", "", "C", 59.055, 59.055, 31.496, 31.696, 90],
		[361, "PAD73_2", 5615.35, -4690, "T", "DIP", "R3_2", "", "C", 59.055, 59.055, 31.496, 31.696, 90],
		[362, "PAD73_2", 5615.35, -4690, "B", "DIP", "R3_2", "", "C", 59.055, 59.055, 31.496, 31.696, 90],
		[363, "PAD74_1", -1365, -4701.42, "T", "DIP", "R7_2", "", "C", 59.055, 59.055, 31.496, 31.696, 180],
		[364, "PAD74_1", -1365, -4701.42, "B", "DIP", "R7_2", "", "C", 59.055, 59.055, 31.496, 31.696, 180],
		[365, "PAD75_2", -1365, -4374.65, "T", "DIP", "R6_2", "", "C", 59.055, 59.055, 31.496, 31.696, 180],
		[366, "PAD75_2", -1365, -4374.65, "B", "DIP", "R6_2", "", "C", 59.055, 59.055, 31.496, 31.696, 180],
		[367, "PAD76_1", -1038.58, -4835, "T", "DIP", "GND", "GND", "C", 59.055, 59.055, 31.496, 31.696, 270],
		[368, "PAD76_1", -1038.58, -4835, "B", "DIP", "GND", "GND", "C", 59.055, 59.055, 31.496, 31.696, 270],
		[369, "PAD77_2", -1365.35, -4835, "T", "DIP", "R7_2", "", "C", 59.055, 59.055, 31.496, 31.696, 270],
		[370, "PAD77_2", -1365.35, -4835, "B", "DIP", "R7_2", "", "C", 59.055, 59.055, 31.496, 31.696, 270],
		[371, "PAD78_1", -915, -4571.42, "T", "DIP", "GND", "GND", "C", 59.055, 59.055, 31.496, 31.696, 180],
		[372, "PAD78_1", -915, -4571.42, "B", "DIP", "GND", "GND", "C", 59.055, 59.055, 31.496, 31.696, 180],
		[373, "PAD79_2", -915, -4244.65, "T", "DIP", "R8_2", "", "C", 59.055, 59.055, 31.496, 31.696, 180],
		[374, "PAD79_2", -915, -4244.65, "B", "DIP", "R8_2", "", "C", 59.055, 59.055, 31.496, 31.696, 180],
		[375, "PAD80_1", 401.42, -4245, "T", "DIP", "GND", "GND", "C", 59.055, 59.055, 31.496, 31.696, 270],
		[376, "PAD80_1", 401.42, -4245, "B", "DIP", "GND", "GND", "C", 59.055, 59.055, 31.496, 31.696, 270],
		[377, "PAD81_2", 74.65, -4245, "T", "DIP", "R9_2", "", "C", 59.055, 59.055, 31.496, 31.696, 270],
		[378, "PAD81_2", 74.65, -4245, "B", "DIP", "R9_2", "", "C", 59.055, 59.055, 31.496, 31.696, 270],
		[379, "PAD82_1", 1196.42, -4485, "T", "DIP", "R10_1", "", "C", 59.055, 59.055, 31.496, 31.696, 270],
		[380, "PAD82_1", 1196.42, -4485, "B", "DIP", "R10_1", "", "C", 59.055, 59.055, 31.496, 31.696, 270],
		[381, "PAD83_2", 869.65, -4485, "T", "DIP", "R12_2", "", "C", 59.055, 59.055, 31.496, 31.696, 270],
		[382, "PAD83_2", 869.65, -4485, "B", "DIP", "R12_2", "", "C", 59.055, 59.055, 31.496, 31.696, 270],
		[383, "PAD84_1", -100, -5336.42, "T", "DIP", "R11_1", "", "C", 59.055, 59.055, 31.496, 31.696, 180],
		[384, "PAD84_1", -100, -5336.42, "B", "DIP", "R11_1", "", "C", 59.055, 59.055, 31.496, 31.696, 180],
		[385, "PAD85_2", -100, -5009.65, "T", "DIP", "VR1_3", "", "C", 59.055, 59.055, 31.496, 31.696, 180],
		[386, "PAD85_2", -100, -5009.65, "B", "DIP", "VR1_3", "", "C", 59.055, 59.055, 31.496, 31.696, 180],
		[387, "PAD86_1", 1191.42, -4330, "T", "DIP", "GND", "GND", "C", 59.055, 59.055, 31.496, 31.696, 270],
		[388, "PAD86_1", 1191.42, -4330, "B", "DIP", "GND", "GND", "C", 59.055, 59.055, 31.496, 31.696, 270],
		[389, "PAD87_2", 864.65, -4330, "T", "DIP", "R12_2", "", "C", 59.055, 59.055, 31.496, 31.696, 270],
		[390, "PAD87_2", 864.65, -4330, "B", "DIP", "R12_2", "", "C", 59.055, 59.055, 31.496, 31.696, 270],
		[391, "PAD88_1", 1431.42, -4120, "T", "DIP", "GND", "GND", "C", 59.055, 59.055, 31.496, 31.696, 270],
		[392, "PAD88_1", 1431.42, -4120, "B", "DIP", "GND", "GND", "C", 59.055, 59.055, 31.496, 31.696, 270],
		[393, "PAD89_2", 1104.65, -4120, "T", "DIP", "R15_2", "", "C", 59.055, 59.055, 31.496, 31.696, 270],
		[394, "PAD89_2", 1104.65, -4120, "B", "DIP", "R15_2", "", "C", 59.055, 59.055, 31.496, 31.696, 270],
		[395, "PAD90_1", 2156.42, -5045, "T", "DIP", "R16_1", "", "C", 59.055, 59.055, 31.496, 31.696, 270],
		[396, "PAD90_1", 2156.42, -5045, "B", "DIP", "R16_1", "", "C", 59.055, 59.055, 31.496, 31.696, 270],
		[397, "PAD91_2", 1829.65, -5045, "T", "DIP", "R16_2", "", "C", 59.055, 59.055, 31.496, 31.696, 270],
		[398, "PAD91_2", 1829.65, -5045, "B", "DIP", "R16_2", "", "C", 59.055, 59.055, 31.496, 31.696, 270],
		[399, "PAD92_1", 1920, -4324.41, "T", "DIP", "GND", "GND", "C", 59.055, 59.055, 31.496, 31.496, 180],
		[400, "PAD92_1", 1920, -4324.41, "B", "DIP", "GND", "GND", "C", 59.055, 59.055, 31.496, 31.496, 180],
		[401, "PAD93_2", 1920, -3891.34, "T", "DIP", "R16_2", "", "C", 59.055, 59.055, 31.496, 31.496, 180],
		[402, "PAD93_2", 1920, -3891.34, "B", "DIP", "R16_2", "", "C", 59.055, 59.055, 31.496, 31.496, 180],
		[403, "PAD94_1", -1171.57, -3710, "T", "DIP", "VCC", "", "C", 60, 60, 29.528, 29.528, 0],
		[404, "PAD94_1", -1171.57, -3710, "B", "DIP", "VCC", "", "C", 60, 60, 29.528, 29.528, 0],
		[405, "PAD95_2", -1270, -3611.58, "T", "DIP", "C3_2", "", "C", 60, 60, 29.528, 29.528, 0],
		[406, "PAD95_2", -1270, -3611.58, "B", "DIP", "C3_2", "", "C", 60, 60, 29.528, 29.528, 0],
		[407, "PAD96_3", -1368.42, -3710, "T", "DIP", "C3_2", "", "C", 60, 60, 29.528, 29.528, 0],
		[408, "PAD96_3", -1368.42, -3710, "B", "DIP", "C3_2", "", "C", 60, 60, 29.528, 29.528, 0],
		[409, "PAD97_1", 98.43, -3705, "T", "DIP", "VCC", "", "C", 60, 60, 29.528, 29.528, 0],
		[410, "PAD97_1", 98.43, -3705, "B", "DIP", "VCC", "", "C", 60, 60, 29.528, 29.528, 0],
		[411, "PAD98_2", 0, -3606.58, "T", "DIP", "C4_1", "", "C", 60, 60, 29.528, 29.528, 0],
		[412, "PAD98_2", 0, -3606.58, "B", "DIP", "C4_1", "", "C", 60, 60, 29.528, 29.528, 0],
		[413, "PAD99_3", -98.42, -3705, "T", "DIP", "C4_1", "", "C", 60, 60, 29.528, 29.528, 0],
		[414, "PAD99_3", -98.42, -3705, "B", "DIP", "C4_1", "", "C", 60, 60, 29.528, 29.528, 0],
		[415, "PAD100_1", 1063.43, -3695, "T", "DIP", "VCC", "", "C", 60, 60, 29.528, 29.528, 0],
		[416, "PAD100_1", 1063.43, -3695, "B", "DIP", "VCC", "", "C", 60, 60, 29.528, 29.528, 0],
		[417, "PAD101_2", 965, -3596.58, "T", "DIP", "Q3A_3", "", "C", 60, 60, 29.528, 29.528, 0],
		[418, "PAD101_2", 965, -3596.58, "B", "DIP", "Q3A_3", "", "C", 60, 60, 29.528, 29.528, 0],
		[419, "PAD102_3", 866.58, -3695, "T", "DIP", "Q3A_3", "", "C", 60, 60, 29.528, 29.528, 0],
		[420, "PAD102_3", 866.58, -3695, "B", "DIP", "Q3A_3", "", "C", 60, 60, 29.528, 29.528, 0],
		[421, "PAD103_3", 596.85, -5705, "T", "DIP", "VR1_3", "", "C", 86.614, 86.614, 51.182, 51.182, 180],
		[422, "PAD103_3", 596.85, -5705, "B", "DIP", "VR1_3", "", "C", 86.614, 86.614, 51.182, 51.182, 180],
		[423, "PAD104_2", 400, -5705, "T", "DIP", "VR1_2", "", "C", 86.614, 86.614, 51.182, 51.182, 180],
		[424, "PAD104_2", 400, -5705, "B", "DIP", "VR1_2", "", "C", 86.614, 86.614, 51.182, 51.182, 180],
		[425, "PAD105_1", 203.15, -5705, "T", "DIP", "GND", "GND", "C", 86.614, 86.614, 51.182, 51.182, 180],
		[426, "PAD105_1", 203.15, -5705, "B", "DIP", "GND", "GND", "C", 86.614, 86.614, 51.182, 51.182, 180],
		[427, "PAD106_3", 1596.85, -5705, "T", "DIP", "VR2_3", "", "C", 86.614, 86.614, 51.182, 51.182, 180],
		[428, "PAD106_3", 1596.85, -5705, "B", "DIP", "VR2_3", "", "C", 86.614, 86.614, 51.182, 51.182, 180],
		[429, "PAD107_2", 1400, -5705, "T", "DIP", "VR5_3", "", "C", 86.614, 86.614, 51.182, 51.182, 180],
		[430, "PAD107_2", 1400, -5705, "B", "DIP", "VR5_3", "", "C", 86.614, 86.614, 51.182, 51.182, 180],
		[431, "PAD108_1", 1203.15, -5705, "T", "DIP", "VR3_2", "", "C", 86.614, 86.614, 51.182, 51.182, 180],
		[432, "PAD108_1", 1203.15, -5705, "B", "DIP", "VR3_2", "", "C", 86.614, 86.614, 51.182, 51.182, 180],
		[433, "PAD109_2", 3400, -5705, "T", "DIP", "VR3_2", "", "C", 86.614, 86.614, 51.182, 51.182, 180],
		[434, "PAD109_2", 3400, -5705, "B", "DIP", "VR3_2", "", "C", 86.614, 86.614, 51.182, 51.182, 180],
		[435, "PAD110_1", 3203.15, -5705, "T", "DIP", "VR4_3", "", "C", 86.614, 86.614, 51.182, 51.182, 180],
		[436, "PAD110_1", 3203.15, -5705, "B", "DIP", "VR4_3", "", "C", 86.614, 86.614, 51.182, 51.182, 180],
		[437, "PAD111_3", 2596.85, -5705, "T", "DIP", "VR4_3", "", "C", 86.614, 86.614, 51.182, 51.182, 180],
		[438, "PAD111_3", 2596.85, -5705, "B", "DIP", "VR4_3", "", "C", 86.614, 86.614, 51.182, 51.182, 180],
		[439, "PAD112_2", 2400, -5705, "T", "DIP", "VR4_2", "", "C", 86.614, 86.614, 51.182, 51.182, 180],
		[440, "PAD112_2", 2400, -5705, "B", "DIP", "VR4_2", "", "C", 86.614, 86.614, 51.182, 51.182, 180],
		[441, "PAD113_1", 2203.15, -5705, "T", "DIP", "GND", "GND", "C", 86.614, 86.614, 51.182, 51.182, 180],
		[442, "PAD113_1", 2203.15, -5705, "B", "DIP", "GND", "GND", "C", 86.614, 86.614, 51.182, 51.182, 180],
		[443, "PAD114_3", 4596.85, -5705, "T", "DIP", "VR5_3", "", "C", 86.614, 86.614, 51.182, 51.182, 180],
		[444, "PAD114_3", 4596.85, -5705, "B", "DIP", "VR5_3", "", "C", 86.614, 86.614, 51.182, 51.182, 180],
		[445, "PAD115_2", 4400, -5705, "T", "DIP", "VR5_2", "", "C", 86.614, 86.614, 51.182, 51.182, 180],
		[446, "PAD115_2", 4400, -5705, "B", "DIP", "VR5_2", "", "C", 86.614, 86.614, 51.182, 51.182, 180],
		[447, "PAD116_1", 4203.15, -5705, "T", "DIP", "GND", "GND", "C", 86.614, 86.614, 51.182, 51.182, 180],
		[448, "PAD116_1", 4203.15, -5705, "B", "DIP", "GND", "GND", "C", 86.614, 86.614, 51.182, 51.182, 180],
		[449, "PAD117_1", 5030, -4385, "T", "DIP", "CN1_1", "", "R", 65, 65, 35, 35, 270],
		[450, "PAD117_1", 5030, -4385, "B", "DIP", "CN1_1", "", "R", 65, 65, 35, 35, 270],
		[451, "PAD118_2", 4930, -4385, "T", "DIP", "D1_1", "", "C", 65, 65, 35, 35, 270],
		[452, "PAD118_2", 4930, -4385, "B", "DIP", "D1_1", "", "C", 65, 65, 35, 35, 270]
	]
}
}